Workbook

Sheet Capa
B2: Ippiz — Base de Dados de Carteira e Risco
B4: Crédito instantâneo via PIX para micro e pequenas empresas (dados 100% fictícios)
B6: Case de portfólio — construído a partir da descrição de vaga de Business Analyst
B8: Abas:
B9: • Serie_Mensal — evolução de carteira, inadimplência, SLA, aprovação (18 meses)
B10: • Regional / Segmento / Setor — quebras da carteira ativa atual
B11: • Funil_Aprovacao — solicitado > análise > aprovado > desembolsado > recusado
B12: • Faixas_Risco — aging da carteira (em dia até 90+ dias)
B13: • Operacao_Diaria — produtividade e fila por analista (últimos 30 dias)
B14: • KPIs — indicadores consolidados do mês corrente, com fórmulas

Sheet Serie_Mensal
A1: Série Mensal — Ippiz
A3: mes_idx | B3: competencia | C3: mes_label | D3: valor_concedido | E3: qtd_operacoes | F3: ticket_medio | G3: inadimplencia_15d | H3: inadimplencia_30d | I3: inadimplencia_90d | J3: taxa_aprovacao | K3: sla_medio_horas | L3: recuperacao_cobranca | M3: nps
A4: 0 | B4: 2025-01 | C4: Jan/25 | D4: 17703103 | E4: 9888 | F4: 1790.3624 | G4: 6.9277002 | H4: 4.2999683 | I4: 1.6921513 | J4: 59.187895 | K4: 29.790454 | L4: 41.216386 | M4: 36.999687
A5: 1 | B5: 2025-02 | C5: Feb/25 | D5: 21455029 | E5: 11995 | F5: 1788.6643 | G5: 6.9769291 | H5: 4.3312137 | I5: 1.7257217 | J5: 59.290182 | K5: 29.058071 | L5: 42.486177 | M5: 38.616442
A6: 2 | B6: 2025-03 | C6: Mar/25 | D6: 24720520 | E6: 13773 | F6: 1794.8537 | G6: 6.6964989 | H6: 4.1447771 | I6: 1.6607731 | J6: 60.903127 | K6: 27.699384 | L6: 43.603018 | M6: 39.411755
A7: 3 | B7: 2025-04 | C7: Apr/25 | D7: 27830072 | E7: 15575 | F7: 1786.8425 | G7: 6.5062068 | H7: 4.0226168 | I7: 1.5938627 | J7: 61.375768 | K7: 26.645377 | L7: 44.766897 | M7: 41.554422
A8: 4 | B8: 2025-05 | C8: May/25 | D8: 30213113 | E8: 16778 | F8: 1800.7577 | G8: 6.562439 | H8: 4.0696029 | I8: 1.6213047 | J8: 61.908867 | K8: 25.611321 | L8: 46.376495 | M8: 42.12223
A9: 5 | B9: 2025-06 | C9: Jun/25 | D9: 32152387 | E9: 17571 | F9: 1829.8553 | G9: 6.1281113 | H9: 3.8108277 | I9: 1.5519938 | J9: 62.800554 | K9: 24.218561 | L9: 47.799109 | M9: 43.525978
A10: 6 | B10: 2025-07 | C10: Jul/25 | D10: 33573037 | E10: 18210 | F10: 1843.6594 | G10: 6.5697255 | H10: 4.0442559 | I10: 1.6595789 | J10: 63.195462 | K10: 23.36966 | L10: 49.029649 | M10: 44.576832
A11: 7 | B11: 2025-08 | C11: Aug/25 | D11: 35314189 | E11: 19131 | F11: 1845.9144 | G11: 6.6479987 | H11: 4.1264435 | I11: 1.6775698 | J11: 64.377221 | K11: 22.120444 | L11: 50.190996 | M11: 45.654489
A12: 8 | B12: 2025-09 | C12: Sep/25 | D12: 36958724 | E12: 19810 | F12: 1865.66 | G12: 6.0243582 | H12: 3.7322832 | I12: 1.5067846 | J12: 64.230036 | K12: 21.079342 | L12: 51.417932 | M12: 46.677164
A13: 9 | B13: 2025-10 | C13: Oct/25 | D13: 40046483 | E13: 21583 | F13: 1855.4642 | G13: 5.9311642 | H13: 3.6809508 | I13: 1.4760158 | J13: 65.093995 | K13: 19.923209 | L13: 52.842145 | M13: 47.474502
A14: 10 | B14: 2025-11 | C14: Nov/25 | D14: 43322706 | E14: 23216 | F14: 1866.0711 | G14: 6.1977284 | H14: 3.7978535 | I14: 1.5308647 | J14: 66.039051 | K14: 18.606996 | L14: 53.969631 | M14: 48.471496
A15: 11 | B15: 2025-12 | C15: Dec/25 | D15: 47341611 | E15: 25084 | F15: 1887.323 | G15: 6.0132183 | H15: 3.6849341 | I15: 1.4549775 | J15: 67.242594 | K15: 17.793132 | L15: 55.073025 | M15: 49.421117
... A21: 17 | B21: 2026-06 | C21: Jun/26 | D21: 63744344 | E21: 32883 | F21: 1938.5197 | G21: 5.1453664 | H21: 3.1859049 | I21: 1.2699939 | J21: 70.793669 | K21: 10.983446 | L21: 62.862388 | M21: 56.641146

Sheet Regional
A1: Carteira Ativa por Região
A3: regiao | B3: valor_carteira | C3: qtd_clientes_ativos | D3: inadimplencia_30d | E3: ticket_medio
A4: Centro-Oeste | B4: 14130858 | C4: 4487 | D4: 3.91174 | E4: 1889.4679
A5: Nordeste | B5: 24542108 | C5: 7832 | D5: 4.1936742 | E5: 1879.9562
A6: Norte | B6: 8992086.7 | C6: 2868 | D6: 4.4037547 | E6: 1881.0432
A7: Sudeste | B7: 53676646 | C7: 17272 | D7: 3.3510157 | E7: 1864.5731
A8: Sul | B8: 26768426 | C8: 8556 | D8: 3.4258793 | E8: 1876.9874
A10: % da Carteira Total
A11: =B4/SUM(B4:B8) -> 0.11030243
A12: =B5/SUM(B4:B8) -> 0.1915704
A13: =B6/SUM(B4:B8) -> 0.070190289
A14: =B7/SUM(B4:B8) -> 0.41898832
A15: =B8/SUM(B4:B8) -> 0.20894856

Sheet Segmento
A1: Carteira Ativa por Segmento
A3: segmento | B3: valor_carteira | C3: qtd_clientes_ativos | D3: inadimplencia_30d | E3: ticket_medio
A4: Micro Empresa | B4: 42221602 | C4: 9837 | D4: 3.5019512 | E4: 2575.2399
A5: Microempreendedor (MEI) | B5: 60254065 | C5: 28271 | D5: 4.2027557 | E5: 1278.7599
A6: Pequena Empresa | B6: 25634457 | C6: 2909 | D6: 2.6636948 | E6: 5287.1992

Sheet Setor
A1: Carteira Ativa por Setor
A3: setor | B3: valor_carteira | C3: qtd_clientes_ativos
A4: Alimentação | B4: 23133306 | C4: 7424
A5: Construção | B5: 16655000 | C5: 5324
A6: Indústria | B6: 12807562 | C6: 4086
A7: Serviços | B7: 30620623 | C7: 9787
A8: Tecnologia | B8: 7692240.6 | C8: 2437
A9: Varejo | B9: 37201392 | C9: 11957

Sheet Funil_Aprovacao
A1: Funil de Aprovação — Mês Corrente
A3: etapa | B3: ordem | C3: qtd | E3: % Conversão vs. Solicitado
A4: Solicitado | B4: 1 | C4: 9400 | E4: =C4/$C$4 -> 1
A5: Em Análise | B5: 2 | C5: 8836 | E5: =C5/$C$4 -> 0.94
A6: Aprovado | B6: 3 | C6: 7463 | E6: =C6/$C$4 -> 0.79393617
A7: Desembolsado | B7: 4 | C7: 6940 | E7: =C7/$C$4 -> 0.73829787
A8: Recusado | B8: 5 | C8: 1373 | E8: =C8/$C$4 -> 0.14606383

Sheet Faixas_Risco
A1: Faixas de Risco (Aging da Carteira)
A3: faixa | B3: ordem | C3: valor | D3: percentual
A4: Em dia | B4: 1 | C4: 47589714 | D4: 88.66
A5: 15-30 dias | B5: 2 | C5: 2512067 | D5: 4.68
A6: 31-60 dias | B6: 3 | C6: 1642505.4 | D6: 3.06
A7: 61-90 dias | B7: 4 | C7: 1014488.6 | D7: 1.89
A8: 90+ dias | B8: 5 | C8: 917870.64 | D8: 1.71

Sheet Operacao_Diaria
A1: Operação Diária por Analista (últimos 30 dias)
A3: data | B3: analista | C3: regiao | D3: fila_pendente | E3: tempo_medio_resposta_h | F3: operacoes_analisadas
A4: 2026-06-01 | B4: Analista A | C4: Sudeste | D4: 4 | E4: 7.9 | F4: 25
A5: 2026-06-01 | B5: Analista B | C5: Sudeste | D5: 24 | E5: 10.9 | F5: 39
A6: 2026-06-01 | B6: Analista C | C6: Sul | D6: 9 | E6: 7.6 | F6: 13
A7: 2026-06-01 | B7: Analista D | C7: Nordeste | D7: 26 | E7: 11.6 | F7: 35
A8: 2026-06-01 | B8: Analista E | C8: Centro-Oeste | D8: 7 | E8: 11.3 | F8: 39
A9: 2026-06-01 | B9: Analista F | C9: Norte | D9: 15 | E9: 14.5 | F9: 25
A10: 2026-06-02 | B10: Analista A | C10: Sudeste | D10: 14 | E10: 13 | F10: 45
A11: 2026-06-02 | B11: Analista B | C11: Sudeste | D11: 15 | E11: 10 | F11: 31
A12: 2026-06-02 | B12: Analista C | C12: Sul | D12: 16 | E12: 9.5 | F12: 30
A13: 2026-06-02 | B13: Analista D | C13: Nordeste | D13: 18 | E13: 7 | F13: 30
A14: 2026-06-02 | B14: Analista E | C14: Centro-Oeste | D14: 18 | E14: 14.4 | F14: 32
A15: 2026-06-02 | B15: Analista F | C15: Norte | D15: 16 | E15: 14.3 | F15: 32
... A183: 2026-06-30 | B183: Analista F | C183: Norte | D183: 20 | E183: 13.3 | F183: 28

Sheet KPIs
A1: Indicadores Consolidados — Mês Corrente
A3: Indicador | B3: Valor
A4: Valor Concedido no Mês (R$) | B4: =Serie_Mensal!C21 -> Jun/26
A5: Variação vs. Mês Anterior (%) | B5: =Serie_Mensal!C21/Serie_Mensal!C20-1 -> 0.00067146075
A6: Qtd. Operações no Mês | B6: =Serie_Mensal!D21 -> 63744344
A7: Ticket Médio (R$) | B7: =Serie_Mensal!E21 -> 32883
A8: Taxa de Aprovação (%) | B8: =Serie_Mensal!I21 -> 1.2699939
A9: Inadimplência 15d (%) | B9: =Serie_Mensal!F21 -> 1938.5197
A10: Inadimplência 30d (%) | B10: =Serie_Mensal!G21 -> 5.1453664
A11: Inadimplência 90d (%) | B11: =Serie_Mensal!H21 -> 3.1859049
A12: SLA Médio de Análise (horas) | B12: =Serie_Mensal!J21 -> 70.793669
A13: Recuperação em Cobrança (%) | B13: =Serie_Mensal!K21 -> 10.983446
A14: NPS | B14: =Serie_Mensal!L21 -> 62.862388
A15: Carteira Ativa Total (R$) | B15: =SUM(Regional!B4:B8) -> 1.2811012e+08
A16: Clientes Ativos (Total) | B16: =SUM(Regional!C4:C8) -> 41015
